{
    "gyro_bias": [
        0.02905063597468015,
        0.0060676245897938715,
        0.0004880994884188452
    ],
    "acc_bias": [
        0.0,
        0.0,
        0.0
    ],
    "acc_scale": [
        1.0,
        1.0,
        1.0
    ],
    "mag_offset": [
        -0.7560703832743197,
        -3.8797196223813093,
        2.434898005657987
    ],
    "mag_scale": [
        2.0858795920077005,
        0.36208581502360454,
        0.5520345929686951
    ]
}