{
    "gyro_bias": [
        0.038530452614483006,
        0.0045577907049396986,
        -0.024831108072830354
    ],
    "acc_bias": [
        0.0,
        0.0,
        0.0
    ],
    "acc_scale": [
        1.0,
        1.0,
        1.0
    ],
    "mag_offset": [
        -0.2875000014901161,
        0.0625000149011612,
        0.04649999737739563
    ],
    "mag_scale": [
        1.0,
        1.0,
        1.0
    ]
}